/Users/yutaro/project-profit-ios/docs/etaxall-multiagent-audit-todo.md	00_todo/etaxall-multiagent-audit-todo.md
/Users/yutaro/project-profit-ios/docs/accounting-audit-todo.md	00_todo/accounting-audit-todo.md
/Users/yutaro/project-profit-ios/docs/OCRマルチエージェント運用.md	00_todo/OCRマルチエージェント運用.md
/Users/yutaro/project-profit-ios/docs/testing/etax-unit-lane.md	00_todo/etax-unit-lane.md
/Users/yutaro/project-profit-ios/docs/testing/etax-regression-checklist.md	00_todo/etax-regression-checklist.md
/Users/yutaro/project-profit-ios/docs/etaxall-audit/reports/A01.md	01_reports/A01.md
/Users/yutaro/project-profit-ios/docs/etaxall-audit/reports/A02.md	01_reports/A02.md
/Users/yutaro/project-profit-ios/docs/etaxall-audit/reports/A03.md	01_reports/A03.md
/Users/yutaro/project-profit-ios/docs/etaxall-audit/reports/A04.md	01_reports/A04.md
/Users/yutaro/project-profit-ios/docs/etaxall-audit/reports/A05.md	01_reports/A05.md
/Users/yutaro/project-profit-ios/docs/etaxall-audit/reports/A06.md	01_reports/A06.md
/Users/yutaro/project-profit-ios/docs/etaxall-audit/reports/A07.md	01_reports/A07.md
/Users/yutaro/project-profit-ios/docs/etaxall-audit/reports/A08.md	01_reports/A08.md
/Users/yutaro/project-profit-ios/docs/etaxall-audit/reports/A09.md	01_reports/A09.md
/Users/yutaro/project-profit-ios/docs/etaxall-audit/reports/A10.md	01_reports/A10.md
/Users/yutaro/project-profit-ios/docs/etaxall-audit/reports/A11.md	01_reports/A11.md
/Users/yutaro/project-profit-ios/docs/etaxall-audit/reports/A12.md	01_reports/A12.md
/Users/yutaro/project-profit-ios/docs/etaxall-audit/reports/A13.md	01_reports/A13.md
/Users/yutaro/project-profit-ios/docs/etaxall-audit/reports/A14.md	01_reports/A14.md
/Users/yutaro/project-profit-ios/docs/etaxall-audit/reports/A15.md	01_reports/A15.md
/Users/yutaro/project-profit-ios/docs/etaxall-audit/reports/A16.md	01_reports/A16.md
/Users/yutaro/project-profit-ios/docs/etaxall-audit/reports/A17.md	01_reports/A17.md
/Users/yutaro/project-profit-ios/docs/etaxall-audit/reports/A18.md	01_reports/A18.md
/Users/yutaro/project-profit-ios/docs/etaxall-audit/reports/A19.md	01_reports/A19.md
/Users/yutaro/project-profit-ios/docs/etaxall-audit/reports/A20.md	01_reports/A20.md
/Users/yutaro/project-profit-ios/docs/etaxall-audit/reports/A21.md	01_reports/A21.md
/Users/yutaro/project-profit-ios/docs/etaxall-audit/reports/A22.md	01_reports/A22.md
/Users/yutaro/project-profit-ios/docs/etaxall-audit/reports/A23.md	01_reports/A23.md
/Users/yutaro/project-profit-ios/docs/etaxall-audit/reports/A24.md	01_reports/A24.md
/Users/yutaro/project-profit-ios/docs/etaxall-audit/reports/A25.md	01_reports/A25.md
/Users/yutaro/project-profit-ios/docs/etaxall-audit/reports/A26.md	01_reports/A26.md
/Users/yutaro/project-profit-ios/docs/etaxall-audit/reports/A27.md	01_reports/A27.md
/Users/yutaro/project-profit-ios/docs/etaxall-audit/reports/A28.md	01_reports/A28.md
/Users/yutaro/project-profit-ios/docs/etaxall-audit/reports/A29.md	01_reports/A29.md
/Users/yutaro/project-profit-ios/docs/etaxall-audit/reports/A30.md	01_reports/A30.md
/Users/yutaro/project-profit-ios/docs/etaxall-audit/evidence-index.csv	02_evidence/evidence-index.csv
/Users/yutaro/project-profit-ios/docs/etaxall-audit/extracted/api_spec.txt	02_evidence/extracted/api_spec.txt
/Users/yutaro/project-profit-ios/docs/etaxall-audit/extracted/csv_module_interface_spec.txt	02_evidence/extracted/csv_module_interface_spec.txt
/Users/yutaro/project-profit-ios/docs/etaxall-audit/extracted/csv_module_spec.txt	02_evidence/extracted/csv_module_spec.txt
/Users/yutaro/project-profit-ios/docs/etaxall-audit/extracted/e_signature_spec.txt	02_evidence/extracted/e_signature_spec.txt
/Users/yutaro/project-profit-ios/docs/etaxall-audit/extracted/send_receive_module_spec.txt	02_evidence/extracted/send_receive_module_spec.txt
/Users/yutaro/project-profit-ios/docs/etaxall-audit/agent-roster.md	03_meta/agent-roster.md
/Users/yutaro/project-profit-ios/e-taxall/確定申告仕様書/Project Profit iOS：複式簿記コア導入・完全仕様書（外注実装用）.md	04_specs/Project Profit iOS：複式簿記コア導入・完全仕様書（外注実装用）.md
/Users/yutaro/project-profit-ios/e-taxall/確定申告仕様書/仕様書：e‑Tax「決算書・収支内訳書」データ作成.md	04_specs/仕様書：e‑Tax「決算書・収支内訳書」データ作成.md
/Users/yutaro/project-profit-ios/e-taxall/確定申告仕様書/損益計算書_勘定科目一覧.md	04_specs/損益計算書_勘定科目一覧.md
/Users/yutaro/project-profit-ios/e-taxall/確定申告仕様書/貸借対照表_勘定科目一覧.md	04_specs/貸借対照表_勘定科目一覧.md
